17-208,190 - 20000
17-286,500 - 540, 1000 - 1070
17-287,500 - 540, 1000 - 1070
17-288,500 - 540, 1000 - 1070
17-281,120 - 7000
17-282,120 - 7000
17-283,120 - 7000
17-207,190 - 20000
17-209,190 - 20000
17-210,190 - 20000
17-211,300 - 2500
11-045-RCD-05P,350 - 1150
87-296-RCD-05P,350 - 1050
17-256,350 - 900
17-257,350 - 900
17-258,350 - 900
17-259,350 - 900
17-260,390 - 840
17-261,390 - 840
17-262,390 - 840
17-263,390 - 840
15-352,532
15-353,532
15-358,532
15-365,1064
15-366,1064
15-370,1064
15-371,1064
15-372,1064
15-378,1064
15-895,600 - 1050
15-896,600 - 1050
16-019,400 - 700
16-020,400 - 700
15-727,600 - 1050
15-728,600 - 1050

15-729,600 - 1050
15-730,600 - 1050
15-731,600 - 1050
15-732,600 - 1050
12-411,300 - 11000
12-412,300 - 11000
12-413,300, 400 - 1100, 9000 - 11000
12-414,400 - 1100, 9000 - 11000
12-415,700 - 1070, 10600
12-691,1100 - 1700
12-678,450 - 650
12-677,450 - 650
12-449,450 - 650
12-456,700 - 10000
12-450,450 - 650
38-441,350 - 700
38-759,13.18 - 13.68
38-760,12.92 - 13.90
38-328-INK,600 - 1050
38-329-INK,600 - 1050
38-400-INK,1050 - 600
69-172,700 - 12000
69-176,325 - 485
69-177,325 - 545
69-178,325 - 610
69-179,400-725
69-180,400-795
67-283,600 - 1050
67-285,525 - 1510
67-286,550-1540
67-287,550 - 1575
67-288,525 - 1510
67-289,550 - 1540
67-290,550 - 1575
01-307,400 - 700
59-000,400 -
01-611-000,200 - 2200
01-611-522,400 - 2000
01-611-533,450 - 650
01-611-566,700 - 10000
01-611-577,450 - 10000
01-612-000,200 - 2200
01-612-522,400 - 2000
01-612-533,450 - 650
01-612-566,700 - 10000
01-612-577,450 - 10000
01-913-522,400 - 2000
01-913-533,450 - 650
01-913-566,700 - 10000
01-913-577,450 - 10000
01-914-000,200 - 2200
01-914-522,400 - 2000
01-914-533,450 - 650
01-914-566,700 - 10000
01-914-577,450 - 10000
01-915-000,200 - 2200
01-915-522,400 - 2000
01-915-533,450 - 650
01-915-566,700 - 10000
01-915-577,450 - 10000
02-075,350 - 2000
02-105,350 - 2000
58-000,350-
